{
    "action": {
        "mean": [
            -0.32794710993766785,
            0.8666021823883057,
            0.7588692307472229,
            -0.1192895844578743,
            0.2375027984380722,
            -0.0629710778594017,
            1.0346826314926147,
            0.30448830127716064,
            1.080763578414917,
            0.9089288115501404,
            -0.07267757505178452,
            -0.20228935778141022,
            0.08709940314292908,
            1.0832575559616089
        ],
        "std": [
            0.29255226254463196,
            0.758105993270874,
            0.6703464984893799,
            0.4890424907207489,
            0.3520498275756836,
            0.33695194125175476,
            2.006371021270752,
            0.31421801447868347,
            0.7809995412826538,
            0.6857486367225647,
            0.5113893747329712,
            0.3654131591320038,
            0.4215274453163147,
            1.8725069761276245
        ],
        "max": [
            0.824559211730957,
            2.9028377532958984,
            3.180933952331543,
            1.478790283203125,
            1.6531238555908203,
            2.0948734283447266,
            11.899749755859375,
            2.3279542922973633,
            3.0569543838500977,
            3.222515106201172,
            1.423476219177246,
            1.6584653854370117,
            2.1299686431884766,
            13.923099517822266
        ],
        "min": [
            -2.1025028228759766,
            -0.00896453857421875,
            0.00171661376953125,
            -1.452467918395996,
            -1.6515979766845703,
            -2.0754175186157227,
            -0.6523246765136719,
            -1.8801021575927734,
            -0.00591278076171875,
            -0.00247955322265625,
            -1.3918132781982422,
            -1.5989551544189453,
            -2.0769433975219727,
            -0.4692192077636719
        ]
    },
    "qpos": {
        "mean": [
            -0.32766076922416687,
            0.8682357668876648,
            0.756354033946991,
            -0.1283307671546936,
            0.23571830987930298,
            -0.06412998586893082,
            0.8036270141601562,
            0.3037859797477722,
            1.0832644701004028,
            0.9054241180419922,
            -0.08681920170783997,
            -0.20185619592666626,
            0.08664759993553162,
            0.9705777764320374
        ],
        "std": [
            0.2923339307308197,
            0.7590552568435669,
            0.6697452664375305,
            0.48524633049964905,
            0.3501707911491394,
            0.33743804693222046,
            1.5618352890014648,
            0.3140902817249298,
            0.7831101417541504,
            0.6850354671478271,
            0.5059700012207031,
            0.3625735938549042,
            0.4218059778213501,
            1.5028012990951538
        ],
        "max": [
            0.8241777420043945,
            2.9062719345092773,
            3.189326286315918,
            1.472686767578125,
            1.6279468536376953,
            2.0948734283447266,
            4.790760040283203,
            2.327572822570801,
            3.0691614151000977,
            3.225566864013672,
            1.453993797302246,
            1.6214618682861328,
            2.1025028228759766,
            4.788852691650391
        ],
        "min": [
            -2.1032657623291016,
            -0.01125335693359375,
            0.00247955322265625,
            -1.450942039489746,
            -1.563858985900879,
            -2.0700769424438477,
            -0.5083160400390625,
            -1.8785762786865234,
            -2.889486312866211,
            0.00209808349609375,
            -1.4650564193725586,
            -1.6126880645751953,
            -2.08876895904541,
            -0.4282064437866211
        ]
    },
    "num_transitions": 1272355,
    "num_trajectories": 2752
}